{"Fredegar": "Hobbits", "F\u00c3\u00abanor": "Silmarillion", "Celebr\u00c3\u00adan": "Elves", "Boromir": "Fellowship", "Amroth": "Silmarillion", "Elwing": "Silmarillion", "D\u00c3\u00banhere": "Rohan", "Findegil": "Gondor", "Aldor": "Rohan", "Fr\u00c3\u00a9a": "Rohan", "Nazg\u00c3\u00bbl": "Mordor", "Thingol": "Silmarillion", "Grimbold": "Rohan", "Grimbeorn": "The_Hobbit", "Erkenbrand": "Rohan", "Elrond": "Elves", "Gorbag": "Mordor", "Hirgon": "Gondor", "Forlong": "Gondor", "Arvedui": "Silmarillion", "Valandil": "Silmarillion", "E\u00c3\u00a4rendil": "Silmarillion", "Daeron": "Silmarillion", "Beorn": "The_Hobbit", "An\u00c3\u00a1rion": "Silmarillion", "Thengel": "Rohan", "Folca": "Rohan", "Halfast": "Hobbits", "Ungoliant": "Mordor", "Brand": "The_Hobbit", "Isildur": "Silmarillion", "H\u00c3\u00barin": "Silmarillion", "Bain": "The_Hobbit", "Bombur": "The_Hobbit", "Th\u00c3\u00a9oden": "Rohan", "Haldir": "Elves", "Sauron": "Mordor", "Blanco": "Hobbits", "Hador": "Silmarillion", "Baldor": "Rohan", "Beren": "Silmarillion", "Peregrin": "Fellowship", "Gollum": "Mordor", "Imrahil": "Gondor", "Goldilocks": "Hobbits", "Damroth": "Gondor", "Goldwine": "Rohan", "D\u00c3\u00a9or": "Rohan", "Mablung": "Gondor", "Beregond": "Gondor", "Wormtongue": "Mordor", "Gandalf": "Fellowship", "Galadriel": "Elves", "Thranduil": "Elves", "Harding": "Rohan", "Faramir": "Gondor", "Thorin": "The_Hobbit", "Angbor": "Gondor", "Gr\u00c3\u00adma": "Mordor", "Finduilas": "Silmarillion", "Bard": "The_Hobbit", "Lobelia": "Hobbits", "Celembrimbor": "Elves", "Meriadoc": "Fellowship", "\u00c3\u2030owyn": "Rohan", "Samwise": "Fellowship", "Anborn": "Gondor", "Aragorn": "Fellowship", "Gl\u00c3\u00b3in": "The_Hobbit", "Shelob": "Mordor", "Legolas": "Fellowship", "E\u00c3\u00a4rnur": "Silmarillion", "Marcho": "Hobbits", "Dior": "Silmarillion", "Walda": "Rohan", "Glorfindel": "Elves", "L\u00c3\u00bathien": "Silmarillion", "Horn": "Rohan", "*": "Others", "Sm\u00c3\u00a9agol": "Mordor", "Fundin": "The_Hobbit", "C\u00c3\u00adrdan": "Silmarillion", "Celebrimbor": "Silmarillion", "Frodo": "Fellowship", "\u00c3\u201cin": "The_Hobbit", "Gram": "Rohan", "Saruman": "Mordor", "Halbarad": "Elves", "T\u00c3\u00barin": "Silmarillion", "Damrod": "Gondor", "Celeborn": "Elves", "Barahir": "Silmarillion", "\u00c3\u2030omer": "Rohan", "Denethor": "Gondor", "Lotho": "Hobbits", "Erestor": "Elves", "Meneldil": "Silmarillion", "Ohtar": "Silmarillion", "Robin": "Hobbits", "Smaug": "The_Hobbit", "Hamfast": "Hobbits", "Folcwine": "Rohan", "Thr\u00c3\u00b3r": "The_Hobbit", "Ecthelion": "Gondor", "Bilbo": "Hobbits", "Ori": "The_Hobbit", "Gimli": "Fellowship", "Orophin": "Elves", "Fengel": "Rohan", "Helm": "Rohan", "Gamling": "Rohan", "Galdor": "Silmarillion", "Odo": "Hobbits", "Bofur": "The_Hobbit", "Brego": "Rohan", "Shagrat": "Mordor", "Arwen": "Elves", "Balin": "The_Hobbit", "Maggot": "Hobbits", "Gil_galad": "Silmarillion", "R\u00c3\u00bamil": "Elves", "Bergil": "Gondor", "Fastred": "Rohan"}